area,date,Rt Mean,UpperCI Rt,LowerCI Rt,Infections Mean,UpperCI Infections,LowerCI Infections,Total Infections Mean,Total UpperCI Infections,Total LowerCI Infections,ExpDeaths Mean,UpperCI ExpDeaths,LowerCI ExpDeaths,Total ExpDeaths Mean,Total UpperCI ExpDeaths,Total LowerCI ExpDeaths,Observed Deaths
India,15/03/2020,3.056,3.609,2.554,3820,6063,2380,21632,34333,13568,0,2,0,2,5,0,0
India,16/03/2020,2.563,3.04,2.163,3861,6072,2515,25493,40279,16203,0,2,0,2,6,0,0
India,17/03/2020,2.563,3.04,2.163,4645,7332,3006,30139,47453,19247,0,2,0,3,7,1,1
India,18/03/2020,2.563,3.04,2.163,5504,8736,3553,35643,56146,22969,0,3,0,4,8,1,0
India,19/03/2020,2.563,3.04,2.163,6469,10372,4144,42113,66051,27255,1,3,0,5,10,2,1
India,20/03/2020,2.563,3.04,2.163,7584,12167,4821,49697,77849,32319,1,3,0,6,12,2,0
India,21/03/2020,2.563,3.04,2.163,8886,14365,5576,58584,91977,38081,1,4,0,8,14,3,0
India,22/03/2020,2.563,3.04,2.163,10415,16952,6417,69000,108908,44725,1,4,0,9,17,4,3
India,23/03/2020,1.801,2.096,1.51,8490,13284,5575,77491,121900,50445,2,5,0,12,20,6,2
India,24/03/2020,1.8,2.096,1.51,9820,15421,6379,87311,137583,57036,2,6,0,14,23,8,1
India,25/03/2020,1.8,2.096,1.51,11063,17525,7150,98375,154402,64455,3,7,0,18,27,10,1
India,26/03/2020,1.8,2.096,1.51,12267,19490,7878,110643,173026,72371,3,8,1,21,32,13,5
India,27/03/2020,1.8,2.096,1.51,13509,21546,8624,124153,194047,81312,4,9,1,26,38,16,3
India,28/03/2020,1.8,2.096,1.51,14842,23707,9377,138995,217297,91208,5,10,1,31,44,20,5
India,29/03/2020,1.8,2.096,1.51,16299,26353,10155,155295,242246,101970,6,11,2,37,52,25,3
India,30/03/2020,1.325,1.555,1.077,13050,20818,8541,168345,262855,111008,7,13,3,44,61,31,14
India,31/03/2020,1.325,1.555,1.077,14201,22762,9230,182546,285376,120513,8,14,3,53,71,37,6
India,01/04/2020,1.325,1.555,1.077,15169,24322,9799,197715,309743,130915,9,16,4,62,82,45,6
India,02/04/2020,1.325,1.555,1.077,15999,25749,10245,213715,335450,141908,10,18,5,73,95,54,16
India,03/04/2020,1.325,1.555,1.077,16768,27121,10618,230484,361220,153361,12,21,6,86,109,64,14
India,04/04/2020,1.325,1.555,1.077,17529,28507,10982,248014,387857,164654,13,23,7,99,126,76,13
India,05/04/2020,1.325,1.555,1.077,18311,29907,11293,266325,418826,177000,15,25,8,115,144,90,22
India,06/04/2020,1.319,1.544,1.112,18883,29858,12462,285209,448279,190013,17,27,9,133,164,104,16
India,07/04/2020,1.319,1.544,1.112,19685,31190,12984,304895,478597,203140,19,30,10,152,187,121,27
India,08/04/2020,1.319,1.544,1.112,20526,32549,13460,325421,511434,217668,21,33,11,173,211,139,20
India,09/04/2020,1.319,1.544,1.112,21407,34016,13920,346828,546026,231961,23,36,13,197,238,160,46
India,10/04/2020,1.319,1.544,1.112,22328,35515,14386,369157,581698,246577,25,39,14,222,267,182,22
India,11/04/2020,1.319,1.544,1.112,23293,37213,14849,392451,617401,262256,27,42,16,250,298,206,41
India,12/04/2020,1.319,1.544,1.112,24304,38837,15287,416755,654815,278627,29,44,17,279,332,232,42
India,13/04/2020,1.379,1.643,1.156,26294,41438,17350,443050,692956,296403,31,48,18,311,366,261,27
India,14/04/2020,1.378,1.643,1.156,27431,43515,18066,470482,737413,315235,33,50,20,344,403,291,37
India,15/04/2020,1.378,1.643,1.156,28707,45619,18793,499189,783228,335249,36,54,21,380,443,323,27
India,16/04/2020,1.378,1.643,1.156,30108,47890,19500,529297,829582,355674,38,57,23,419,487,358,26
India,17/04/2020,1.378,1.643,1.156,31614,50495,20232,560912,882200,376950,40,60,24,460,530,394,38
India,18/04/2020,1.378,1.643,1.156,33217,53511,20955,594130,933780,399808,43,63,25,503,578,432,35
India,19/04/2020,1.378,1.643,1.156,34911,56615,21682,629041,987746,422026,44,66,27,548,628,473,38
India,20/04/2020,1.212,1.438,1.006,31978,50399,20825,661020,1035960,445580,47,71,29,596,679,516,33
India,21/04/2020,1.212,1.437,1.006,33462,52649,21754,694482,1088499,468234,49,73,30,646,735,561,53
India,22/04/2020,1.212,1.437,1.006,34777,54567,22442,729259,1139033,491547,52,77,32,698,793,610,36
India,23/04/2020,1.212,1.437,1.006,35967,56690,22983,765227,1194573,515266,55,80,34,754,852,661,40
India,24/04/2020,1.212,1.437,1.006,37104,58813,23443,802331,1256459,539681,57,84,35,812,916,713,59
India,25/04/2020,1.212,1.437,1.006,38237,60870,23854,840568,1316723,565245,60,88,37,872,984,765,44
India,26/04/2020,1.212,1.437,1.006,39390,63032,24202,879958,1378131,590932,63,92,39,936,1055,824,56
India,27/04/2020,1.128,1.328,0.93,37463,59408,24404,917422,1434883,616300,66,97,41,1003,1127,885,58
India,28/04/2020,1.128,1.328,0.93,38474,61034,24998,955897,1494546,641817,70,101,43,1073,1202,950,69
India,29/04/2020,1.128,1.328,0.93,39381,62483,25399,995278,1552808,668104,72,105,46,1146,1282,1016,71
India,30/04/2020,1.128,1.328,0.93,40209,63923,25717,1035487,1611862,695026,76,110,47,1222,1366,1087,75
India,01/05/2020,1.128,1.327,0.93,41000,65316,25871,1076488,1675225,721794,79,113,50,1301,1453,1160,77
India,02/05/2020,1.128,1.327,0.929,41785,66910,26092,1118274,1738903,749363,81,117,51,1383,1537,1233,92
India,03/05/2020,1.128,1.327,0.929,42581,68219,26111,1160856,1804363,777858,85,121,54,1468,1633,1316,140
India,04/05/2020,1.235,1.451,1.031,47102,74345,30955,1207958,1877775,809648,88,128,56,1557,1728,1396,103
India,05/05/2020,1.235,1.451,1.031,48023,75997,31492,1255981,1950658,841398,91,130,58,1648,1824,1483,128
India,06/05/2020,1.235,1.451,1.031,49224,78206,32034,1305206,2023192,875241,95,136,60,1744,1925,1571,91
India,07/05/2020,1.235,1.451,1.031,50653,80726,32818,1355860,2101474,909342,98,142,63,1842,2035,1660,104
India,08/05/2020,1.235,1.451,1.031,52234,83955,33520,1408094,2181035,945957,102,145,65,1944,2143,1757,97
India,09/05/2020,1.235,1.451,1.031,53920,87113,34210,1462015,2266823,982378,105,150,68,2050,2256,1854,115
India,10/05/2020,1.235,1.451,1.031,55691,90550,34891,1517706,2352369,1019709,107,154,69,2158,2372,1954,112
India,11/05/2020,1.428,1.667,1.199,66043,104183,43257,1583749,2458996,1063855,110,157,71,2269,2486,2058,81
India,12/05/2020,1.428,1.667,1.199,68354,108551,44757,1652104,2568642,1110258,114,164,72,2383,2613,2164,120
India,13/05/2020,1.428,1.667,1.199,71395,113571,46424,1723500,2682893,1158367,117,167,76,2501,2736,2275,137
India,14/05/2020,1.428,1.667,1.199,75047,119287,48310,1798547,2803461,1208244,121,172,79,2622,2865,2391,97
India,15/05/2020,1.428,1.667,1.199,79141,126525,50396,1877688,2931088,1260936,123,175,79,2746,2997,2506,104
India,16/05/2020,1.428,1.667,1.199,83577,134167,52485,1961266,3059748,1316369,128,181,82,2874,3136,2625,120
India,17/05/2020,1.428,1.667,1.199,88312,141971,54737,2049578,3195149,1373295,131,187,85,3005,3279,2745,152
India,18/05/2020,1.516,1.777,1.284,98258,154234,64664,2147837,3346477,1441289,135,191,88,3141,3430,2874,131
India,19/05/2020,1.515,1.777,1.284,103854,163393,67939,2251692,3508110,1511155,138,198,89,3279,3581,3001,146
India,20/05/2020,1.515,1.776,1.284,110224,173594,71801,2361917,3678121,1584946,142,204,93,3422,3727,3132,134
India,21/05/2020,1.515,1.776,1.284,117312,185929,75778,2479229,3858275,1662574,147,206,94,3569,3885,3273,148
India,22/05/2020,1.515,1.776,1.284,125032,198413,80068,2604262,4058891,1746365,153,216,100,3722,4052,3418,142
India,23/05/2020,1.515,1.776,1.284,133349,212434,84468,2737612,4257500,1837874,158,225,103,3881,4222,3568,142
India,24/05/2020,1.515,1.776,1.283,142266,228060,88691,2879878,4489707,1933162,165,232,108,4046,4394,3720,156
India,25/05/2020,1.308,1.548,1.1,129946,204107,85873,3009825,4674948,2022662,171,243,112,4218,4584,3882,150
India,26/05/2020,1.308,1.548,1.099,137953,216972,90894,3147778,4900574,2116991,178,251,115,4396,4774,4041,173
India,27/05/2020,1.307,1.548,1.099,145234,228789,95106,3293013,5136670,2214407,186,264,123,4583,4975,4220,188
India,28/05/2020,1.307,1.548,1.099,152013,239990,98778,3445026,5363460,2314882,195,275,127,4778,5180,4399,176
India,29/05/2020,1.307,1.548,1.099,158638,250891,102063,3603665,5598260,2420573,204,287,134,4983,5404,4585,269
India,30/05/2020,1.307,1.547,1.099,165356,263477,105252,3769021,5842768,2533029,216,305,139,5199,5638,4789,205
India,31/05/2020,1.307,1.547,1.099,172311,277385,107944,3941333,6108130,2648747,228,318,148,5428,5882,4998,222
India,01/06/2020,0.96,1.145,0.778,130826,206411,85515,4072159,6314606,2742801,239,339,159,5667,6146,5221,201
India,02/06/2020,0.96,1.145,0.778,135264,214308,88370,4207424,6511753,2831150,250,350,164,5918,6400,5458,222
India,03/06/2020,0.96,1.145,0.778,137760,219968,89629,4345185,6725087,2920804,265,373,175,6183,6686,5702,259
India,04/06/2020,0.96,1.145,0.778,138721,222542,89425,4483906,6946965,3011817,277,389,182,6461,6979,5961,274
India,05/06/2020,0.96,1.145,0.778,138789,223235,88492,4622696,7177008,3111299,293,409,194,6754,7293,6230,286
India,06/06/2020,0.96,1.144,0.778,138420,222744,87184,4761117,7385355,3198376,307,432,203,7062,7621,6523,297
India,07/06/2020,0.96,1.144,0.778,137881,223353,85395,4898998,7590266,3290827,323,454,213,7386,7972,6824,261
India,08/06/2020,0.872,1.045,0.705,123760,194982,80503,5022759,7774931,3374462,336,471,221,7722,8323,7146,271
India,09/06/2020,0.872,1.045,0.705,122802,193315,79361,5145561,7963293,3460929,353,497,233,8075,8707,7471,272
India,10/06/2020,0.872,1.045,0.705,121383,191221,78047,5266944,8169601,3542278,365,516,241,8441,9106,7815,358
India,11/06/2020,0.872,1.045,0.705,119618,189044,76241,5386563,8362030,3626681,382,534,252,8823,9505,8167,394
India,12/06/2020,0.872,1.045,0.705,117671,187303,74095,5504234,8536313,3708766,394,550,263,9218,9937,8540,388
India,13/06/2020,0.872,1.045,0.705,115657,184292,71684,5619891,8728686,3780426,405,565,269,9623,10358,8919,309
India,14/06/2020,0.872,1.045,0.705,113648,182575,69060,5733539,8908997,3852467,416,585,275,10039,10816,9304,324
India,15/06/2020,1.061,1.259,0.883,134742,211129,87471,5868282,9111306,3946779,426,591,287,10466,11262,9702,396
India,16/06/2020,1.061,1.259,0.883,132615,208652,85403,6000897,9334326,4036024,434,601,286,10900,11740,10112,2004
India,17/06/2020,1.061,1.259,0.883,131830,208165,84326,6132728,9557276,4126012,442,612,295,11343,12205,10523,341
India,18/06/2020,1.06,1.259,0.883,132064,209607,83532,6264792,9757110,4215778,448,622,300,11791,12685,10947,343
India,19/06/2020,1.06,1.259,0.883,132885,211089,83234,6397678,9955447,4305510,455,633,301,12246,13168,11367,364
India,20/06/2020,1.06,1.258,0.882,134008,213996,82818,6531687,10146992,4392540,459,636,306,12705,13633,11817,308
India,21/06/2020,1.06,1.258,0.882,135262,217362,82530,6666949,10361257,4484824,459,642,305,13165,14134,12243,426
India,22/06/2020,1.245,1.489,1.037,158793,249510,104638,6825743,10603814,4589449,461,644,306,13627,14640,12678,312
India,23/06/2020,1.245,1.488,1.037,160655,252721,105563,6986398,10855581,4697933,465,646,306,14092,15120,13114,468
India,24/06/2020,1.245,1.488,1.037,164022,258072,107163,7150420,11125220,4814911,466,645,311,14559,15622,13548,424
India,25/06/2020,1.244,1.488,1.037,168574,265953,109127,7318995,11388500,4937964,465,655,310,15024,16115,14003,401
India,26/06/2020,1.244,1.488,1.037,173875,277351,111561,7492871,11642432,5060494,465,653,311,15489,16591,14455,381
India,27/06/2020,1.244,1.488,1.037,179645,287575,113853,7672516,11915528,5181753,466,646,309,15956,17086,14893,414
India,28/06/2020,1.244,1.488,1.037,185703,300046,115928,7858220,12195561,5304190,466,653,311,16423,17592,15316,384
India,29/06/2020,1.261,1.488,1.054,193160,301742,127265,8051380,12512623,5438009,467,658,311,16891,18085,15761,417
India,30/06/2020,1.26,1.487,1.054,199513,312752,131148,8250894,12810704,5573009,468,654,309,17359,18571,16192,506
India,01/07/2020,1.26,1.487,1.054,206318,324395,134660,8457212,13134559,5713236,468,653,311,17828,19068,16641,438
India,02/07/2020,1.26,1.487,1.054,213531,338186,138243,8670744,13482824,5846957,473,666,314,18302,19579,17080,378
India,03/07/2020,1.26,1.486,1.054,221101,351138,141417,8891846,13810723,5998840,475,662,313,18777,20107,17541,444
India,04/07/2020,1.26,1.486,1.054,229005,365186,145129,9120851,14160088,6159709,480,672,321,19258,20598,17997,611
India,05/07/2020,1.259,1.486,1.054,237232,380424,148011,9358084,14541066,6310755,482,669,322,19740,21082,18467,421
India,06/07/2020,1.157,1.361,0.96,223947,350713,146727,9582032,14878915,6465787,490,679,326,20230,21585,18929,473
India,07/07/2020,1.157,1.361,0.96,231247,361805,151224,9813279,15239539,6623423,498,696,331,20729,22118,19412,479
India,08/07/2020,1.156,1.361,0.96,237784,373632,154611,10051064,15602486,6787311,508,714,333,21238,22674,19906,492
India,09/07/2020,1.156,1.361,0.96,243752,384296,156933,10294816,15954098,6956680,512,714,339,21750,23176,20384,479
India,10/07/2020,1.156,1.36,0.959,249458,394683,158870,10544275,16313082,7123584,523,730,343,22274,23739,20889,520
India,11/07/2020,1.156,1.36,0.959,255124,407762,160479,10799399,16738021,7291419,535,744,359,22809,24307,21414,543
India,12/07/2020,1.156,1.359,0.959,260892,419401,162162,11060292,17097200,7468844,549,766,367,23359,24863,21924,500
India,13/07/2020,1.075,1.263,0.888,246005,385138,162477,11306297,17467683,7638732,559,779,372,23918,25438,22477,541
India,14/07/2020,1.074,1.263,0.887,250785,391556,165338,11557083,17843518,7805226,576,792,389,24495,26062,23003,587
India,15/07/2020,1.074,1.263,0.887,254805,399923,167561,11811888,18243961,7979940,590,816,396,25085,26668,23561,614
India,16/07/2020,1.074,1.262,0.887,258239,406375,167976,12070128,18645853,8157324,601,847,397,25687,27290,24129,680
India,17/07/2020,1.074,1.262,0.887,261358,412076,168331,12331486,19033897,8336785,619,853,407,26306,27942,24745,676
India,18/07/2020,1.074,1.262,0.887,264357,418915,168506,12595844,19467002,8511353,635,886,423,26941,28611,25310,543
India,19/07/2020,1.073,1.262,0.887,267367,424296,167722,12863211,19903121,8689506,651,911,435,27593,29298,25926,675
India,20/07/2020,1.053,1.253,0.874,263699,417375,172404,13126910,20282375,8862558,665,920,448,28258,29964,26584,596
India,21/07/2020,1.052,1.252,0.874,266178,421876,173257,13393089,20681240,9046467,686,965,455,28944,30679,27241,671
India,22/07/2020,1.052,1.252,0.874,268570,426302,173737,13661660,21162781,9228398,697,979,463,29642,31429,27883,1130
India,23/07/2020,1.052,1.251,0.874,270895,432280,173996,13932555,21610662,9405592,714,992,472,30357,32173,28574,755
India,24/07/2020,1.052,1.251,0.874,273196,439184,173181,14205752,22043528,9583284,730,1014,488,31087,32935,29252,763
India,25/07/2020,1.052,1.251,0.874,275514,446394,172803,14481266,22526614,9775165,744,1033,496,31832,33708,29969,703
India,26/07/2020,1.051,1.25,0.873,277878,455743,171267,14759144,22960975,9969161,761,1064,504,32594,34542,30681,704
India,27/07/2020,1.01,1.2,0.834,266917,421300,174973,15026062,23336140,10141440,771,1066,516,33365,35314,31413,642
India,28/07/2020,1.01,1.199,0.833,268578,425360,175357,15294641,23744307,10312912,786,1096,524,34152,36155,32162,774
India,29/07/2020,1.01,1.199,0.833,269839,428657,174762,15564480,24133567,10487060,797,1117,527,34950,36950,32953,775
India,30/07/2020,1.01,1.199,0.833,270783,433183,173693,15835263,24539833,10664203,811,1130,544,35761,37805,33731,784
India,31/07/2020,1.01,1.199,0.833,271553,436432,172960,16106816,24968004,10839613,826,1159,547,36587,38660,34517,764
India,01/08/2020,1.009,1.198,0.833,272255,441767,171255,16379072,25414135,11023213,838,1161,560,37426,39524,35289,854
India,02/08/2020,1.009,1.198,0.833,272939,444697,169492,16652011,25796339,11214452,851,1182,572,38277,40447,36076,760
India,03/08/2020,0.993,1.176,0.82,266998,423447,174989,16919009,26217265,11394018,860,1192,576,39138,41334,36886,806
India,04/08/2020,0.993,1.176,0.82,267161,424770,174298,17186171,26629746,11585305,871,1216,574,40009,42258,37702,849
India,05/08/2020,0.992,1.176,0.82,267236,427243,173047,17453407,27042124,11770749,882,1237,585,40892,43199,38541,919
India,06/08/2020,0.992,1.175,0.82,267236,426628,172051,17720643,27463749,11949884,888,1235,593,41781,44112,39396,899
India,07/08/2020,0.992,1.175,0.819,267200,428069,170765,17987844,27871703,12132965,900,1244,604,42681,45082,40231,936
India,08/08/2020,0.992,1.175,0.819,267163,428298,168706,18255007,28284084,12331703,910,1271,607,43592,46019,41138,875
India,09/08/2020,0.992,1.175,0.819,267135,430577,166187,18522143,28713141,12519796,910,1273,605,44502,46982,42015,1013
India,10/08/2020,1.039,1.228,0.856,277550,443710,182807,18799694,29123750,12706406,916,1273,616,45418,47951,42917,887
India,11/08/2020,1.038,1.228,0.856,277340,445262,182255,19077034,29568230,12880890,923,1288,619,46341,48945,43782,835
India,12/08/2020,1.038,1.228,0.856,277896,448199,181556,19354930,30003189,13060060,927,1288,612,47269,49909,44651,950
India,13/08/2020,1.038,1.228,0.856,279034,451787,180800,19633964,30400855,13247257,930,1294,624,48200,50832,45566,1006
India,14/08/2020,1.038,1.227,0.856,280517,454615,180049,19914482,30813457,13412342,937,1301,626,49137,51845,46458,989
India,15/08/2020,1.038,1.227,0.855,282194,459630,178846,20196677,31240717,13602978,938,1299,620,50076,52851,47328,952
India,16/08/2020,1.037,1.227,0.855,283982,467152,177579,20480659,31687430,13805838,941,1307,628,51018,53826,48214,952
India,17/08/2020,1.11,1.308,0.925,303381,482681,199182,20784041,32132727,14017246,944,1310,621,51962,54838,49118,880
India,18/08/2020,1.11,1.308,0.925,305245,485960,199248,21089287,32571627,14221165,945,1309,630,52907,55798,50074,1099
India,19/08/2020,1.11,1.308,0.925,308333,493428,200309,21397620,33040719,14438790,955,1310,645,53863,56833,50993,979
India,20/08/2020,1.11,1.307,0.925,312366,501353,201181,21709987,33500148,14639647,957,1322,648,54821,57797,51896,981
India,21/08/2020,1.109,1.307,0.925,316973,509026,202745,22026960,33993676,14866170,947,1307,621,55768,58755,52841,953
India,22/08/2020,1.109,1.307,0.924,321919,517571,203747,22348880,34498945,15077778,956,1331,637,56724,59751,53729,918
India,23/08/2020,1.109,1.306,0.924,327071,528561,204364,22675952,34976671,15310657,965,1334,655,57690,60778,54649,846
India,24/08/2020,1.096,1.294,0.915,326109,505973,214475,23002062,35481317,15524468,956,1329,645,58647,61738,55614,854
India,25/08/2020,1.096,1.293,0.914,330801,515067,216466,23332863,36025713,15736278,963,1346,643,59610,62724,56519,1066
India,26/08/2020,1.095,1.293,0.914,335511,524540,218434,23668375,36541125,15964440,972,1349,650,60582,63729,57450,1017
India,27/08/2020,1.095,1.293,0.914,340241,533718,219473,24008616,37032463,16193765,971,1340,656,61554,64744,58376,1066
India,28/08/2020,1.095,1.293,0.914,345016,543194,220518,24353633,37493144,16421474,979,1354,648,62533,65792,59338,1019
India,29/08/2020,1.095,1.292,0.914,349871,552404,221160,24703504,37962557,16666906,978,1358,647,63512,66826,60279,943
India,30/08/2020,1.094,1.292,0.913,354825,563453,221736,25058330,38519323,16926951,988,1363,663,64500,67815,61166,960
India,31/08/2020,0.986,1.168,0.818,321784,503514,209869,25380114,39016303,17143066,993,1375,661,65493,68828,62134,816
India,01/09/2020,0.985,1.168,0.818,325222,510104,211759,25705336,39528716,17359181,1001,1398,669,66495,69867,63113,892
India,02/09/2020,0.985,1.168,0.818,327148,513533,211906,26032485,40071766,17586532,1013,1399,674,67508,70873,64073,913
India,03/09/2020,0.985,1.168,0.818,327894,516061,210448,26360380,40598389,17813267,1026,1418,689,68534,71974,65041,979
India,04/09/2020,0.985,1.167,0.818,327963,517999,208384,26688344,41115407,18056678,1028,1431,677,69563,73019,66027,950
India,05/09/2020,0.984,1.167,0.818,327713,518788,205864,27016058,41609658,18282693,1043,1463,685,70607,74164,67042,916
India,06/09/2020,0.984,1.167,0.817,327359,519929,202725,27343418,42099924,18506455,1055,1488,699,71662,75197,68031,1005
India,07/09/2020,0.902,1.071,0.741,297407,472310,194306,27640825,42574085,18704957,1060,1481,712,72723,76258,69068,1129
India,08/09/2020,0.902,1.071,0.741,296126,470513,193256,27936951,43074970,18917041,1066,1480,716,73790,77362,70039,1107
India,09/09/2020,0.902,1.071,0.741,293797,468570,190925,28230749,43573053,19113752,1080,1491,732,74870,78496,71134,1168
India,10/09/2020,0.901,1.071,0.741,290667,463200,186925,28521416,44040088,19301943,1089,1503,725,75959,79623,72190,1213
India,11/09/2020,0.901,1.07,0.74,287094,458276,182447,28808510,44461469,19500539,1097,1533,727,77057,80794,73281,1202
India,12/09/2020,0.901,1.07,0.74,283340,455700,178256,29091851,44925784,19696474,1110,1556,736,78167,81950,74386,1111
India,13/09/2020,0.901,1.07,0.74,279567,452687,173312,29371418,45318019,19888211,1120,1560,740,79288,83140,75457,1140
India,14/09/2020,0.865,1.032,0.713,263063,416051,171065,29634482,45748792,20067585,1120,1560,742,80408,84301,76554,1054
India,15/09/2020,0.865,1.032,0.713,258943,411158,168026,29893426,46168180,20234396,1130,1588,759,81539,85487,77636,1281
India,16/09/2020,0.865,1.031,0.713,254550,406367,163984,30147977,46579794,20401618,1129,1567,747,82668,86604,78748,1140
India,17/09/2020,0.865,1.031,0.713,249963,400689,159282,30397940,46972765,20567286,1137,1581,761,83806,87854,79829,1175
India,18/09/2020,0.864,1.031,0.713,245306,394961,154741,30643247,47377071,20722166,1133,1585,748,84939,88978,80941,1221
India,19/09/2020,0.864,1.031,0.713,240671,388209,149834,30883919,47756943,20879620,1131,1558,753,86071,90183,82066,1149
India,20/09/2020,0.864,1.03,0.713,236110,381660,144705,31120029,48089214,21040313,1133,1580,753,87205,91379,83154,1135
India,21/09/2020,0.834,1.004,0.684,221644,354140,143644,31341674,48454488,21182707,1133,1579,755,88338,92569,84297,1056
India,22/09/2020,0.834,1.004,0.684,216990,347304,140444,31558665,48808129,21323512,1125,1569,745,89463,93749,85366,1085
India,23/09/2020,0.834,1.004,0.684,212199,341286,136249,31770865,49150014,21474342,1120,1550,752,90583,94917,86470,1123
India,24/09/2020,0.834,1.003,0.683,207326,332977,132220,31978191,49491185,21604630,1114,1558,752,91698,96025,87570,1144
India,25/09/2020,0.834,1.003,0.683,202459,326432,127618,32180651,49823652,21752767,1106,1526,735,92805,97138,88631,1093
India,26/09/2020,0.834,1.003,0.683,197663,319868,123066,32378315,50123839,21889991,1101,1521,731,93907,98276,89697,1124
India,27/09/2020,0.833,1.003,0.683,192956,313092,118189,32571271,50384795,22023240,1088,1513,730,94995,99398,90756,1040
India,28/09/2020,0.833,1.003,0.683,188409,307126,113822,32759681,50677298,22159872,1080,1502,724,96075,100506,91809,775
India,29/09/2020,0.833,1.003,0.683,183999,302730,109347,32943681,50995371,22299719,1054,1481,699,97130,101657,92851,1178
India,30/09/2020,0.833,1.003,0.683,179728,297464,104986,33123409,51250994,22420190,1055,1464,709,98185,102703,93834,1179
India,01/10/2020,0.833,1.002,0.683,175594,293689,100483,33299004,51529296,22546486,1039,1448,694,99225,103752,94806,1099
India,02/10/2020,0.833,1.002,0.683,171595,289442,96318,33470599,51800152,22667914,1015,1407,677,100240,104784,95769,1068
India,03/10/2020,0.833,1.002,0.683,167726,286136,91827,33638326,52058525,22761138,1001,1396,665,101241,105860,96743,937
India,04/10/2020,0.833,1.002,0.683,163964,283487,87568,33802290,52312874,22875330,984,1367,655,102225,106887,97697,903
India,05/10/2020,0.832,1.002,0.683,160345,278873,83906,33962635,52573166,22973800,969,1341,653,103194,107867,98645,886
India,06/10/2020,0.832,1.002,0.683,156840,275503,80200,34119476,52875552,23073753,958,1319,640,104152,108817,99590,990
India,07/10/2020,0.832,1.001,0.683,153446,272289,76323,34272923,53232426,23164704,933,1321,620,105086,109807,100456,963
India,08/10/2020,0.832,1.001,0.682,150160,268751,72894,34423083,53489403,23248293,919,1269,615,106005,110764,101352,967
India,09/10/2020,0.832,1.001,0.682,146978,266411,69767,34570061,53827248,23335440,902,1253,603,106907,111665,102211,929
India,10/10/2020,0.832,1.001,0.682,143896,264283,66633,34713958,54098979,23436895,878,1234,582,107786,112571,103085,921
India,11/10/2020,0.832,1.001,0.682,140906,262292,63476,34854864,54273412,23532189,863,1201,583,108649,113487,103895,813
India,12/10/2020,0.832,1.001,0.682,138018,260333,60370,34992883,54484624,23625869,847,1178,561,109496,114380,104744,710
India,13/10/2020,0.832,1,0.682,135220,257749,57605,35128103,54632853,23712389,827,1159,547,110324,115208,105557,727
India,14/10/2020,0.832,1,0.682,132509,256518,54893,35260613,54872234,23801854,801,1122,531,111126,116027,106359,690
India,15/10/2020,0.832,1,0.682,129883,254879,52401,35390496,55166611,23883874,792,1119,523,111918,116866,107159,882
India,16/10/2020,,,,127339,253023,50009,35517836,55410571,23944696,774,1094,503,112692,117664,107919,840
India,17/10/2020,,,,124873,250883,47615,35642709,55713442,24011612,758,1078,492,113450,118394,108593,1032
India,18/10/2020,,,,122481,250572,45181,35765191,55946099,24075019,740,1061,481,114190,119165,109263,582
India,19/10/2020,,,,120167,250001,43201,35885358,56138441,24139977,719,1042,453,114910,119952,109953,589
India,20/10/2020,,,,117924,248063,41173,36003283,56562072,24191191,703,1025,440,115614,120676,110698,714
India,21/10/2020,,,,115751,246402,39297,36119034,56714346,24241893,693,1027,433,116307,121442,111283,701
India,22/10/2020,,,,113644,244763,37478,36232679,56867481,24290301,672,1003,412,116979,122214,111947,686
India,23/10/2020,,,,111601,243163,35686,36344280,57014529,24367493,659,989,397,117639,122931,112534,655
India,24/10/2020,,,,109621,243282,34119,36453902,57199667,24432581,647,990,384,118286,123605,113083,578
India,25/10/2020,,,,107702,242012,32505,36561604,57431234,24481617,632,972,374,118919,124343,113768,483
India,26/10/2020,,,,105841,241568,30944,36667446,57590597,24549274,615,964,356,119534,125072,114267,485
India,27/10/2020,,,,104037,241879,29434,36771484,57959680,24606405,600,960,340,120135,125827,114815,511
India,28/10/2020,,,,102288,241138,27965,36873772,58204517,24642682,587,949,325,120723,126495,115305,515
India,29/10/2020,,,,100592,241914,26448,36974365,58383315,24675056,576,936,317,121299,127234,115792,562
India,30/10/2020,,,,98947,240486,25260,37073313,58521136,24745030,563,936,302,121862,127880,116278,550
India,31/10/2020,,,,97353,239938,23998,37170666,58675616,24773632,549,937,291,122412,128574,116723,469
India,01/11/2020,,,,95806,238578,22820,37266473,58897108,24817829,542,924,283,122955,129314,117172,491
India,02/11/2020,,,,94307,237602,21731,37360780,59061443,24860760,529,926,264,123484,130009,117561,498
India,03/11/2020,,,,92852,237631,20687,37453632,59198222,24888708,517,911,254,124002,130736,117974,510
India,04/11/2020,,,,91442,237613,19772,37545074,59327358,24927263,506,902,244,124508,131443,118335,707
India,05/11/2020,,,,90074,236456,18797,37635148,59401120,24944839,494,886,235,125002,132224,118691,672
India,06/11/2020,,,,88747,236250,17895,37723896,59596671,24979948,484,896,219,125487,133002,119044,577
India,07/11/2020,,,,87460,236299,16962,37811356,59696534,25024586,476,897,210,125963,133692,119396,557
India,08/11/2020,,,,86212,234732,16048,37897569,59789989,25062355,467,890,200,126430,134341,119667,491
India,09/11/2020,,,,85001,235060,15258,37982571,59946989,25101767,457,879,191,126888,135109,119972,450
India,10/11/2020,,,,83827,235219,14524,38066399,60005243,25138069,451,915,177,127339,135945,120236,511
India,11/11/2020,,,,82689,234425,13799,38149088,60063691,25172669,440,886,176,127779,136740,120465,550
India,12/11/2020,,,,81584,234255,13143,38230673,60145182,25211281,434,880,166,128214,137487,120710,544
India,13/11/2020,,,,80513,233336,12465,38311187,60374951,25249696,424,876,159,128639,138315,120963,517
India,14/11/2020,,,,79475,232604,11818,38390662,60587910,25287411,415,885,150,129054,138972,121169,450
India,15/11/2020,,,,78467,231835,11219,38469129,60757964,25319893,407,865,141,129462,139801,121363,434
India,16/11/2020,,,,77490,230391,10707,38546620,61032754,25343941,399,896,135,129862,140645,121596,451
India,17/11/2020,,,,76542,230160,10169,38623163,61157865,25350832,392,865,127,130254,141371,121796,472
India,18/11/2020,,,,75624,229717,9653,38698787,61441631,25377410,385,864,126,130640,142065,121966,586
India,19/11/2020,,,,74733,228217,9126,38773520,61535519,25420269,379,875,119,131020,142953,122097,582
India,20/11/2020,,,,73869,228152,8691,38847389,61609525,25453458,374,857,112,131395,143633,122267,564
India,21/11/2020,,,,73031,227732,8289,38920420,61721808,25482713,366,871,105,131761,144457,122442,499
India,22/11/2020,,,,72218,227280,7897,38992639,61938127,25493295,359,844,99,132120,145272,122607,510
India,23/11/2020,,,,71431,227079,7497,39064070,62064189,25500419,355,843,97,132476,146152,122758,481
India,24/11/2020,,,,70667,226264,7127,39134738,62302294,25517133,350,863,90,132826,146965,122920,489
India,25/11/2020,,,,69927,224479,6767,39204666,62390243,25547304,346,883,85,133172,147713,123039,518
India,26/11/2020,,,,69210,225118,6420,39273876,62447258,25556434,339,845,83,133512,148573,123139,491
India,27/11/2020,,,,68514,225392,6108,39342391,62514988,25565231,333,850,76,133846,149369,123253,486
India,28/11/2020,,,,67840,225416,5824,39410232,62688933,25575707,325,848,73,134171,150172,123350,495
India,29/11/2020,,,,67187,225595,5540,39477419,62872050,25604113,322,861,69,134493,150861,123442,444
India,30/11/2020,,,,66554,224687,5267,39543973,63119484,25633209,318,828,67,134811,151702,123529,482
India,01/12/2020,,,,65940,223146,4993,39609914,63308022,25645057,314,858,63,135126,152634,123609,501
India,02/12/2020,,,,65346,221778,4733,39675261,63614505,25662496,309,828,60,135436,153405,123705,526
India,03/12/2020,,,,64770,221020,4488,39740031,63777863,25680305,303,842,58,135739,154063,123798,541
India,04/12/2020,,,,64212,220474,4256,39804243,63880637,25697652,301,816,55,136041,155065,123867,511
India,05/12/2020,,,,63671,220179,4041,39867915,63989394,25718309,296,822,50,136338,155725,123961,482
India,06/12/2020,,,,63148,218254,3829,39931063,64073366,25729958,294,849,49,136632,156410,124040,390
India,07/12/2020,,,,62640,217623,3627,39993704,64177408,25745096,290,851,46,136922,157162,124120,386
India,08/12/2020,,,,62149,217032,3439,40055854,64415047,25760598,287,849,44,137209,157919,124195,402
India,09/12/2020,,,,61673,215973,3261,40117528,64579973,25775662,282,815,43,137492,158776,124274,413
India,10/12/2020,,,,61213,215147,3104,40178741,64589708,25795844,278,831,40,137770,159608,124313,411
India,11/12/2020,,,,60766,214241,2946,40239508,64806208,25816151,276,832,39,138047,160417,124389,442
India,12/12/2020,,,,60334,213526,2795,40299842,64862422,25821384,273,818,36,138321,161287,124441,391
India,13/12/2020,,,,59916,212309,2645,40359759,64999242,25830153,268,820,34,138589,161939,124506,338
India,14/12/2020,,,,59511,211351,2509,40419270,65205632,25842874,268,837,32,138857,162720,124554,354
India,15/12/2020,,,,59118,210332,2391,40478389,65380164,25855297,262,810,31,139119,163391,124586,384
India,16/12/2020,,,,58738,209307,2282,40537127,65562723,25867367,259,834,29,139379,164125,124637,356
India,17/12/2020,,,,58370,208669,2178,40595498,65723823,25879092,258,812,28,139637,164974,124675,342
India,18/12/2020,,,,58014,207280,2071,40653513,65904489,25888811,254,835,26,139892,165781,124719,342
India,19/12/2020,,,,57669,205652,1965,40711182,66028912,25901595,251,828,26,140143,166467,124770,342
India,20/12/2020,,,,57335,205313,1858,40768518,66077745,25912322,248,831,24,140392,167128,124802,332
India,21/12/2020,,,,57011,204351,1762,40825529,66145479,25935743,244,810,23,140636,168023,124833,302
India,22/12/2020,,,,56697,203322,1675,40882227,66428241,25939446,246,810,21,140883,168731,124863,329
India,23/12/2020,,,,56393,202888,1592,40938621,66728636,25953941,242,818,20,141126,169659,124893,315
India,24/12/2020,,,,56099,202738,1514,40994720,66864881,25955749,242,817,19,141368,170375,124921,337
India,25/12/2020,,,,55813,202551,1439,41050534,67166154,25964192,236,788,18,141605,171089,124954,251
India,26/12/2020,,,,55536,202294,1367,41106071,67300278,25976887,234,812,17,141840,171885,124985,280
India,27/12/2020,,,,55268,202096,1296,41161339,67347366,25983369,231,792,16,142071,172675,125002,281
India,28/12/2020,,,,55007,201918,1234,41216347,67474913,25992552,231,810,15,142302,173597,125020,250
India,29/12/2020,,,,54754,201736,1175,41271102,67567754,26001494,228,810,15,142531,174450,125029,285
India,30/12/2020,,,,54509,201484,1117,41325611,67736070,26010340,228,801,13,142759,175221,125063,299
India,31/12/2020,,,,54270,201223,1059,41379882,67875148,26019029,222,762,13,142982,175841,125079,244