"date","Current_Reported_Infected_Mean","Current_Reported_Infected_Upper_CI","Current_Reported_Infected_Lower_CI","Current_Untested_Infected_Mean","Current_Untested_Infected_Upper_CI","Current_Untested_Infected_Lower_CI","Current_False_Negative_Mean","Current_False_Negative_Upper_CI","Current_False_Negative_Lower_CI","Total_Reported_Recovered_Mean","Total_Reported_Recovered_Upper_CI","Total_Reported_Recovered_Lower_CI","Total_Reported_Deceased_Mean","Total_Reported_Deceased_Upper_CI","Total_Reported_Deceased_Lower_CI","Total_Unreported_Recovered_Mean","Total_Unreported_Recovered_Upper_CI","Total_Unreported_Recovered_Lower_CI","Total_Unreported_Deceased_Mean","Total_Unreported_Deceased_Upper_CI","Total_Unreported_Deceased_Lower_CI","place"
2020-03-15,108,108,108,873,873,873,46,46,46,3,3,3,1,1,1,18,18,18,6,6,6,"India"
2020-03-16,221,242,200,1214,1252,1180,95,110,80,9,14,5,1,2,1,101,116,84,6,8,6,"India"
2020-03-17,308,339,282,1455,1500,1406,135,154,113,21,30,14,1,3,1,216,240,190,7,9,6,"India"
2020-03-18,377,410,345,1621,1676,1565,166,187,143,38,50,27,2,3,1,356,389,324,7,10,6,"India"
2020-03-19,432,469,397,1736,1799,1673,191,216,166,58,72,45,2,4,1,512,553,475,8,12,6,"India"
2020-03-20,475,515,436,1814,1879,1748,213,239,185,82,100,66,2,5,1,679,723,634,9,13,6,"India"
2020-03-21,510,556,468,1868,1936,1805,231,260,201,109,129,90,3,6,1,854,904,802,10,14,7,"India"
2020-03-22,539,581,498,1900,1975,1827,247,279,216,137,160,115,3,7,1,1035,1090,982,11,15,7,"India"
2020-03-23,565,605,522,1922,1995,1851,261,292,232,167,193,142,4,8,1,1218,1275,1161,11,17,7,"India"
2020-03-24,586,628,546,1934,2007,1864,273,306,244,199,225,172,4,8,1,1406,1464,1346,12,17,8,"India"
2020-03-25,599,642,555,1950,2030,1872,282,316,252,231,261,202,5,9,2,1593,1655,1530,13,19,9,"India"
2020-03-26,638,682,595,2078,2167,1996,302,340,271,264,293,233,6,10,2,1784,1845,1716,14,20,9,"India"
2020-03-27,696,749,646,2292,2389,2197,330,368,298,299,334,264,6,11,2,1987,2051,1917,15,21,9,"India"
2020-03-28,771,826,718,2571,2685,2467,366,407,328,337,371,301,7,12,3,2212,2280,2134,16,23,10,"India"
2020-03-29,862,927,804,2912,3045,2795,409,452,370,380,417,342,8,13,3,2463,2543,2385,18,24,12,"India"
2020-03-30,968,1040,907,3315,3457,3180,459,508,420,428,465,386,9,14,4,2747,2838,2667,19,26,12,"India"
2020-03-31,1093,1174,1029,3780,3932,3631,518,569,474,481,522,438,10,15,5,3070,3162,2984,20,28,14,"India"
2020-04-01,1238,1321,1166,4311,4500,4141,585,639,537,541,584,494,11,16,5,3439,3551,3344,22,30,15,"India"
2020-04-02,1403,1498,1324,4923,5122,4729,662,723,607,609,657,561,12,18,6,3859,3983,3757,24,33,17,"India"
2020-04-03,1593,1699,1503,5621,5844,5385,751,814,689,687,735,636,13,20,7,4338,4465,4227,27,35,18,"India"
2020-04-04,1810,1919,1710,6412,6655,6155,851,921,781,775,828,723,15,22,8,4886,5032,4756,29,39,21,"India"
2020-04-05,2057,2175,1947,7318,7612,7024,966,1046,898,874,936,819,16,24,9,5509,5677,5357,32,43,23,"India"
2020-04-06,2337,2462,2220,8352,8710,8013,1098,1182,1021,987,1050,925,18,27,10,6220,6408,6052,36,48,26,"India"
2020-04-07,2657,2791,2530,9530,9930,9116,1249,1344,1162,1117,1189,1055,21,30,12,7032,7236,6839,40,52,28,"India"
2020-04-08,3024,3169,2883,10863,11321,10402,1420,1527,1325,1264,1343,1193,23,33,14,7958,8205,7718,44,57,32,"India"
2020-04-09,3443,3614,3289,12391,12932,11886,1614,1739,1515,1431,1516,1352,26,37,17,9012,9304,8738,49,62,36,"India"
2020-04-10,3918,4123,3732,14132,14734,13546,1835,1959,1727,1620,1716,1536,29,41,19,10213,10536,9903,55,69,41,"India"
2020-04-11,4464,4681,4271,16111,16825,15483,2089,2227,1970,1835,1935,1740,33,45,22,11588,11954,11220,61,76,46,"India"
2020-04-12,5081,5322,4861,18364,19164,17666,2378,2534,2245,2082,2197,1978,37,50,26,13151,13563,12706,69,85,53,"India"
2020-04-13,5787,6066,5538,20934,21845,20099,2707,2868,2550,2363,2487,2246,42,55,29,14929,15415,14453,77,95,61,"India"
2020-04-14,6594,6921,6306,23869,24938,22901,3083,3273,2921,2682,2815,2563,48,62,33,16960,17519,16411,87,105,68,"India"
2020-04-15,7814,8210,7468,26762,27931,25652,3641,3839,3455,3048,3187,2911,54,68,40,19280,19916,18649,98,116,80,"India"
2020-04-16,8854,9287,8463,29028,30354,27825,4129,4352,3912,3478,3635,3327,61,78,47,21884,22625,21142,110,132,91,"India"
2020-04-17,9769,10234,9342,30872,32246,29593,4568,4811,4330,3965,4147,3787,70,86,55,24714,25581,23859,124,146,104,"India"
2020-04-18,10600,11090,10140,32443,33944,31091,4976,5232,4736,4505,4711,4317,79,96,63,27730,28683,26726,139,165,118,"India"
2020-04-19,11376,11895,10908,33851,35434,32380,5364,5630,5098,5092,5326,4880,89,106,72,30906,32016,29802,155,181,133,"India"
2020-04-20,12121,12670,11599,35161,36857,33619,5741,6033,5451,5722,5981,5478,100,120,81,34229,35493,32989,173,200,149,"India"
2020-04-21,12849,13422,12304,36421,38129,34834,6111,6419,5813,6392,6693,6127,112,132,92,37684,39067,36293,191,220,165,"India"
2020-04-22,13565,14214,12993,37669,39423,36014,6485,6804,6171,7101,7429,6817,124,145,103,41272,42815,39746,210,240,182,"India"
2020-04-23,14281,14948,13701,38928,40845,37167,6859,7197,6520,7847,8200,7539,137,160,114,44986,46675,43320,229,263,198,"India"
2020-04-24,15000,15676,14407,40218,42200,38369,7239,7611,6902,8635,9015,8286,150,176,126,48828,50698,47001,250,287,218,"India"
2020-04-25,15727,16431,15116,41545,43599,39626,7623,8002,7265,9464,9885,9078,165,191,139,52808,54822,50817,271,310,238,"India"
2020-04-26,16471,17155,15820,42929,45065,40901,8018,8405,7653,10332,10786,9911,180,206,153,56919,59154,54779,293,333,259,"India"
2020-04-27,17229,17974,16527,44362,46591,42260,8418,8830,8036,11242,11739,10784,196,222,167,61182,63611,58813,316,356,280,"India"
2020-04-28,18005,18792,17283,45856,48140,43615,8830,9258,8425,12191,12746,11708,212,240,183,65589,68244,63041,341,383,306,"India"
2020-04-29,18799,19648,18032,47422,49825,45117,9250,9706,8815,13185,13761,12664,229,259,196,70150,73078,67436,366,408,329,"India"
2020-04-30,19619,20494,18828,49061,51540,46626,9682,10133,9218,14222,14869,13657,248,279,214,74868,78068,71917,392,437,354,"India"
2020-05-01,20464,21378,19630,50765,53439,48185,10126,10595,9649,15306,15987,14699,266,298,232,79755,83151,76584,420,464,380,"India"
2020-05-02,21331,22323,20478,52548,55261,49842,10587,11091,10099,16437,17150,15795,286,319,250,84818,88505,81407,448,500,408,"India"
2020-05-03,22228,23260,21314,54423,57299,51623,11063,11620,10562,17613,18389,16920,306,342,268,90056,94045,86378,478,533,436,"India"
2020-05-04,23054,24101,22126,56517,59462,53579,11509,12067,10979,18840,19654,18091,328,362,288,95487,99755,91593,508,563,463,"India"
2020-05-05,24116,25201,23125,59403,62578,56294,12061,12651,11481,20115,20979,19310,350,388,311,101133,105690,97002,540,597,494,"India"
2020-05-06,25388,26528,24329,62920,66165,59617,12702,13297,12086,21447,22363,20584,373,413,331,107061,111925,102629,574,633,521,"India"
2020-05-07,26833,28017,25711,66958,70362,63421,13424,14038,12789,22846,23817,21930,397,438,354,113342,118608,108574,609,673,559,"India"
2020-05-08,28436,29688,27208,71453,75048,67838,14217,14889,13547,24326,25368,23385,423,466,380,120023,125601,114932,646,710,597,"India"
2020-05-09,30194,31487,28905,76363,80155,72506,15086,15765,14381,25896,27004,24889,450,496,404,127148,133120,121700,687,748,631,"India"
2020-05-10,32103,33491,30707,81678,85709,77479,16031,16782,15285,27565,28741,26484,479,529,431,134752,141071,128903,728,790,670,"India"
2020-05-11,34166,35625,32690,87397,91705,82981,17045,17855,16238,29336,30583,28199,510,560,461,142885,149492,136677,774,838,713,"India"
2020-05-12,36387,37968,34816,93535,98084,88791,18138,18975,17289,31222,32530,29986,543,594,491,151584,158572,144974,821,887,761,"India"
2020-05-13,38769,40526,37075,100099,104924,95091,19317,20229,18458,33230,34561,31947,578,634,526,160891,168307,153850,873,941,809,"India"
2020-05-14,41339,43184,39495,107135,112142,101839,20576,21532,19651,35368,36835,33936,616,669,564,170841,178796,163412,928,1000,861,"India"
2020-05-15,44091,46092,42142,114644,120037,109104,21927,22917,20956,37646,39223,36107,655,715,599,181489,189944,173536,987,1057,912,"India"
2020-05-16,47039,49100,44986,122665,128336,116772,23375,24448,22318,40079,41762,38451,698,758,637,192886,201826,184419,1050,1126,969,"India"
2020-05-17,50196,52484,47961,131243,137305,125072,24928,26120,23807,42676,44495,40942,743,807,680,205065,214511,195911,1116,1195,1035,"India"
2020-05-18,52018,54337,49740,142599,149241,135864,25921,27108,24723,45448,47387,43596,790,855,728,218106,228168,208458,1188,1273,1108,"India"
2020-05-19,53953,56419,51568,153945,161074,146701,26963,28177,25693,48314,50390,46353,840,907,775,232226,242853,221860,1265,1356,1177,"India"
2020-05-20,56013,58500,53537,165461,173003,157652,28062,29307,26804,51292,53489,49228,892,962,820,247423,258531,236472,1345,1444,1259,"India"
2020-05-21,58226,60782,55638,177299,185375,169077,29241,30518,27879,54388,56711,52229,946,1020,873,263722,275599,251973,1431,1529,1334,"India"
2020-05-22,60615,63239,57938,189530,198182,180852,30495,31868,29080,57601,60096,55313,1001,1075,930,281157,293814,268672,1522,1625,1422,"India"
2020-05-23,63195,65926,60317,202267,211532,193069,31835,33255,30409,60944,63574,58527,1059,1135,985,299766,313227,286502,1618,1725,1515,"India"
2020-05-24,65982,68839,62950,215565,225250,205798,33273,34779,31828,64432,67238,61889,1119,1194,1039,319602,333924,305353,1719,1830,1610,"India"
2020-05-25,68976,71917,65855,229523,239712,219029,34808,36355,33266,68071,70958,65352,1182,1269,1098,340711,355972,325506,1826,1946,1717,"India"
2020-05-26,72187,75326,69023,244167,254946,233430,36451,38074,34888,71875,74853,69013,1248,1337,1164,363161,379263,347098,1939,2061,1823,"India"
2020-05-27,75632,78892,72402,259544,270729,248134,38206,39909,36611,75860,78992,72778,1317,1408,1229,387030,404328,369932,2059,2190,1937,"India"
2020-05-28,79323,82715,76102,275721,287496,263476,40083,41833,38466,80034,83345,76797,1389,1483,1295,412387,430704,394257,2184,2316,2062,"India"
2020-05-29,83277,86797,79850,292759,304995,279832,42085,43937,40398,84410,87921,80935,1464,1565,1369,439292,458557,420028,2318,2451,2190,"India"
2020-05-30,87493,91198,83832,310722,323864,296958,44211,46128,42403,89005,92723,85348,1544,1647,1442,467842,488160,447499,2458,2597,2328,"India"
2020-05-31,91994,95965,88110,329644,343720,315252,46479,48430,44522,93831,97712,90078,1627,1731,1518,498133,519897,476592,2608,2752,2466,"India"
2020-06-01,95765,99989,91757,351032,366145,335767,48452,50498,46330,98911,102980,94997,1715,1824,1601,530259,553244,507179,2765,2917,2620,"India"
2020-06-02,99318,103751,95117,370372,386065,354445,50340,52496,48154,104201,108514,100122,1807,1921,1689,564416,588809,539871,2932,3083,2776,"India"
2020-06-03,102749,107240,98432,388417,405114,371707,52189,54468,49945,109683,114167,105475,1901,2019,1780,600436,626510,574425,3107,3270,2947,"India"
2020-06-04,106159,110905,101682,405727,422875,388137,54033,56300,51672,115352,120076,110842,1999,2121,1871,638177,665608,610707,3289,3456,3123,"India"
2020-06-05,109577,114521,104802,422707,440477,404423,55894,58265,53513,121209,126260,116462,2100,2222,1975,677568,706566,648889,3479,3654,3301,"India"
2020-06-06,113072,118202,108172,439589,458208,420713,57788,60266,55324,127251,132529,122222,2205,2336,2069,718608,749314,688355,3676,3862,3492,"India"
2020-06-07,116657,121852,111547,456567,476031,436756,59735,62331,57253,133487,139038,128209,2313,2447,2171,761272,793844,729237,3881,4071,3693,"India"
2020-06-08,120355,125731,114929,473823,494038,453522,61737,64392,59094,139924,145654,134421,2424,2564,2289,805563,839818,771649,4093,4288,3894,"India"
2020-06-09,124173,129590,118610,491418,512030,470436,63793,66556,61074,146569,152626,140779,2539,2674,2398,851534,888108,815570,4313,4513,4107,"India"
2020-06-10,128131,133779,122409,509407,531197,487720,65930,68836,63058,153421,159750,147272,2658,2801,2510,899204,937812,860939,4541,4749,4313,"India"
2020-06-11,132238,138059,126346,527937,550343,505231,68143,71150,65203,160494,167122,154146,2780,2934,2619,948607,989463,907799,4776,4995,4548,"India"
2020-06-12,136516,142565,130586,547014,570052,523063,70427,73537,67383,167787,174739,161157,2906,3053,2746,999795,1042592,956765,5022,5260,4780,"India"
2020-06-13,140952,147284,134740,566680,590373,541911,72797,76075,69641,175316,182663,168396,3036,3189,2871,1052827,1097674,1007220,5274,5518,5019,"India"
2020-06-14,145550,152144,139156,586958,611267,561143,75255,78594,71984,183094,190734,175975,3170,3331,3003,1107758,1154797,1059877,5535,5783,5268,"India"
2020-06-15,150329,157187,143806,607867,633057,580767,77797,81221,74364,191127,199039,183693,3309,3481,3130,1164655,1213925,1114794,5805,6079,5524,"India"
2020-06-16,155298,162278,148477,629465,656024,601427,80435,84007,76998,199420,207670,191774,3453,3636,3271,1223551,1275111,1171032,6087,6366,5789,"India"
2020-06-17,160453,167709,153272,651760,679437,622683,83168,86849,79612,207991,216693,199966,3601,3790,3414,1284554,1338672,1229230,6376,6668,6057,"India"
2020-06-18,165793,173152,158441,674815,703563,644435,85996,89735,82337,216850,225912,208446,3754,3951,3554,1347723,1404785,1289905,6676,6986,6350,"India"
2020-06-19,171343,178853,163693,698640,728518,667028,88915,92807,85132,225997,235507,217212,3912,4108,3697,1413111,1473197,1352349,6987,7300,6651,"India"
2020-06-20,177098,184828,169200,723280,753981,690330,91949,95913,88061,235450,245421,226331,4076,4292,3853,1480784,1543921,1417075,7309,7626,6963,"India"
2020-06-21,183061,191044,175001,748757,781020,714927,95096,99233,91064,245227,255783,235591,4245,4466,4023,1550854,1617022,1483848,7643,7987,7281,"India"
2020-06-22,189253,197584,180826,775101,808720,740023,98354,102629,94141,255323,266390,245274,4421,4648,4197,1623377,1692289,1552904,7988,8346,7616,"India"
2020-06-23,195660,204425,186936,802316,837576,766252,101714,106159,97447,265762,277299,255346,4602,4833,4364,1698457,1770259,1624792,8345,8720,7972,"India"
2020-06-24,202299,211384,193313,830448,866798,793172,105200,109763,100811,276560,288657,265750,4789,5031,4532,1776189,1850939,1699001,8714,9124,8318,"India"
2020-06-25,209181,218499,199968,859592,897241,820679,108815,113570,104200,287729,300290,276446,4982,5237,4727,1856606,1934999,1775856,9096,9518,8681,"India"
2020-06-26,216314,225841,206665,889706,928541,849681,112560,117466,107703,299263,312467,287520,5182,5437,4913,1939854,2021371,1855201,9491,9935,9062,"India"
2020-06-27,223700,233497,213705,920850,961326,879055,116428,121457,111393,311200,325008,298875,5389,5655,5125,2026012,2111327,1937434,9899,10343,9451,"India"
2020-06-28,231355,241557,221328,953016,994910,909803,120435,125576,115211,323546,337838,310746,5601,5878,5314,2115198,2204460,2022498,10321,10786,9871,"India"
2020-06-29,239280,249708,228801,986317,1029604,941828,124576,129960,119133,336311,351225,323001,5822,6112,5532,2207479,2300745,2110305,10759,11251,10292,"India"
2020-06-30,247499,258376,236725,1020770,1065987,974790,128867,134507,123231,349509,365046,335702,6050,6360,5752,2302980,2400519,2201452,11211,11716,10723,"India"
2020-07-01,254119,264987,243286,1058999,1106006,1011543,132500,138210,126704,363161,379388,348707,6286,6608,5968,2401841,2503678,2295931,11679,12211,11167,"India"
2020-07-02,261254,272362,250326,1099598,1148415,1051250,136382,142294,130442,377184,394064,362046,6530,6863,6206,2504335,2610770,2393562,12164,12725,11599,"India"
2020-07-03,268897,280402,257873,1142310,1193357,1092554,140481,146574,134398,391591,409062,375911,6780,7129,6444,2610704,2721809,2495081,12665,13244,12083,"India"
2020-07-04,277023,288814,265562,1186887,1239424,1135011,144809,151214,138522,406423,424665,390089,7036,7391,6695,2721154,2837147,2600614,13184,13785,12578,"India"
2020-07-05,285617,297834,273822,1233268,1287966,1179963,149357,155879,142941,421700,440566,404650,7300,7672,6940,2835891,2957074,2710329,13722,14342,13107,"India"
2020-07-06,294670,307329,282397,1281398,1337871,1225645,154134,160855,147431,437445,456905,419719,7573,7948,7203,2955068,3081324,2824178,14279,14912,13640,"India"
2020-07-07,304152,317237,291550,1331360,1390258,1273696,159122,166008,152277,453702,473800,435463,7856,8252,7459,3078832,3210415,2942215,14856,15517,14194,"India"
2020-07-08,314109,327383,301189,1383133,1444280,1323021,164333,171430,157358,470482,491281,451628,8146,8552,7737,3207427,3345163,3064597,15454,16144,14766,"India"
2020-07-09,324525,338319,311249,1436700,1499665,1373880,169794,177092,162516,487810,509256,468205,8445,8863,8038,3340957,3484258,3192647,16074,16805,15374,"India"
2020-07-10,335424,349649,321935,1492220,1557668,1427174,175473,183016,168008,505708,527836,485440,8755,9198,8339,3479590,3629432,3325451,16719,17460,15990,"India"
2020-07-11,346811,361690,332839,1549662,1617554,1482620,181398,189026,173566,524210,546951,503097,9076,9521,8648,3623563,3779496,3463005,17385,18158,16626,"India"
2020-07-12,358683,374044,344309,1609139,1678968,1539204,187573,195479,179438,543340,566954,521575,9408,9867,8975,3773071,3935262,3606138,18078,18878,17270,"India"
2020-07-13,371058,386615,356076,1670741,1743588,1598466,194002,202202,185594,563129,587564,540496,9751,10233,9306,3928252,4097084,3754587,18797,19623,17951,"India"
2020-07-14,383956,400060,368229,1734434,1809508,1659703,200699,209193,192081,583598,608709,560054,10104,10609,9645,4089397,4264710,3909025,19539,20384,18649,"India"
2020-07-15,397397,414026,381291,1800375,1878285,1723240,207673,216413,198844,604776,630905,580319,10470,10998,9994,4256657,4439542,4069365,20313,21186,19400,"India"
2020-07-16,411385,428385,394517,1868702,1950566,1788770,214906,223924,205895,626690,653510,601482,10850,11394,10362,4430236,4619602,4235611,21109,22044,20140,"India"
2020-07-17,425936,443408,408724,1939403,2024408,1857246,222439,231785,212993,649378,677120,623153,11244,11799,10732,4610370,4807850,4407992,21940,22882,20939,"India"
2020-07-18,441070,459279,423310,2012657,2100921,1928128,230290,240119,220247,672869,701473,645782,11649,12227,11122,4797274,5002360,4587202,22798,23789,21794,"India"
2020-07-19,456813,475614,438251,2088510,2179973,2001126,238413,248589,228057,697200,726884,669108,12070,12669,11545,4991224,5204578,4772865,23692,24726,22638,"India"
2020-07-20,473140,492506,453951,2166980,2261351,2076296,246860,257398,236151,722397,753167,693335,12506,13111,11969,5192487,5415024,4965811,24615,25678,23524,"India"
2020-07-21,490105,510335,470309,2248241,2345954,2154832,255643,266473,244684,748495,780350,718518,12958,13575,12391,5401276,5633038,5165801,25573,26681,24436,"India"
2020-07-22,507722,528792,487338,2332477,2433768,2236276,264767,275985,253302,775539,808536,744343,13426,14082,12826,5617883,5859381,5373101,26564,27716,25389,"India"
2020-07-23,526010,548126,505098,2419641,2524380,2320068,274227,285887,262442,803554,837481,771237,13910,14578,13293,5842570,6093983,5588688,27594,28774,26347,"India"
2020-07-24,545026,567918,523245,2509984,2617556,2406314,284064,296281,271804,832562,867807,799113,14412,15121,13786,6075630,6337376,5812484,28660,29909,27373,"India"
2020-07-25,564779,588761,542051,2603429,2714647,2495820,294271,306654,281373,862627,899255,828131,14933,15639,14277,6317399,6589547,6044180,29768,31051,28441,"India"
2020-07-26,585270,610097,561455,2700275,2814862,2588814,304864,317704,291666,893781,931621,857953,15473,16181,14811,6568141,6851447,6285004,30917,32252,29555,"India"
2020-07-27,606514,632180,581342,2800550,2919493,2684134,315842,329250,302303,926067,965188,888991,16034,16762,15337,6828199,7122598,6534755,32108,33468,30672,"India"
2020-07-28,628552,655198,602342,2904435,3028026,2783913,327243,341189,313182,959530,999989,921053,16614,17376,15893,7097894,7403852,6793418,33340,34766,31867,"India"
2020-07-29,651420,679361,624657,3011987,3140056,2888060,339058,353487,324660,994219,1035854,954313,17214,17996,16477,7377595,7695281,7061593,34622,36097,33118,"India"
2020-07-30,675156,704455,647023,3123352,3254974,2994640,351329,366367,336394,1030143,1073404,989129,17837,18645,17068,7667621,7996669,7339848,35945,37449,34388,"India"
2020-07-31,699720,730217,670694,3238735,3375175,3104509,364047,379763,348754,1067380,1112178,1024862,18483,19327,17702,7968367,8309589,7628310,37318,38866,35702,"India"
2020-08-01,726036,757437,696001,3357044,3499008,3217754,377594,394077,361910,1105984,1152517,1061967,19153,20019,18354,8280222,8636092,7927615,38744,40385,37065,"India"
2020-08-02,748674,781157,717824,3450446,3596394,3306428,389668,406754,373469,1146025,1194015,1100035,19846,20733,19032,8603484,8974341,8238089,40219,41909,38474,"India"
2020-08-03,768648,801990,737183,3526455,3675741,3379608,400677,418224,384133,1187323,1237097,1139501,20559,21476,19701,8935780,9320743,8555803,41740,43477,39952,"India"
2020-08-04,786679,820691,754651,3590282,3741356,3440908,410877,428723,394014,1229742,1281015,1180244,21293,22228,20394,9275520,9675095,8881850,43298,45106,41470,"India"
2020-08-05,803315,837968,770814,3645704,3798531,3494063,420516,438993,403397,1273138,1326242,1221992,22044,23027,21110,9621489,10034985,9213475,44889,46773,42992,"India"
2020-08-06,818916,854035,785508,3695290,3851158,3541232,429698,448565,412022,1317445,1372729,1264452,22810,23844,21850,9972920,10400441,9550881,46511,48454,44567,"India"
2020-08-07,833753,869417,799766,3741089,3897907,3585135,438563,457814,420574,1362611,1419864,1307558,23594,24646,22600,10329244,10771182,9893198,48154,50165,46122,"India"
2020-08-08,848040,884238,813485,3784297,3944124,3626629,447194,466766,429095,1408588,1467853,1351642,24391,25469,23375,10690130,11146718,10238805,49829,51939,47724,"India"
2020-08-09,861897,898706,826746,3825913,3987294,3666757,455631,475294,437178,1455361,1516609,1396521,25202,26320,24185,11055300,11526200,10589207,51525,53703,49378,"India"
2020-08-10,875417,912858,839532,3866610,4030396,3706439,463927,484040,445357,1502898,1565954,1442252,26027,27169,24995,11424612,11911180,10943074,53242,55499,51005,"India"
2020-08-11,888689,926599,852492,3906958,4072748,3745273,472120,492235,453173,1551193,1616273,1488517,26862,28050,25817,11797934,12299851,11300782,54985,57317,52688,"India"
2020-08-12,901794,940160,865576,3947126,4114983,3783007,480237,500494,460689,1600210,1667504,1535214,27710,28923,26625,12175317,12692973,11662625,56749,59182,54350,"India"
2020-08-13,914783,953625,878175,3987402,4157441,3821304,488268,508773,468552,1649934,1719132,1582934,28572,29825,27470,12556766,13090025,12028067,58537,61052,56032,"India"
2020-08-14,927643,967226,890316,4028022,4200891,3859384,496269,517275,476538,1700402,1771576,1631437,29446,30774,28307,12942141,13491662,12397608,60345,62931,57754,"India"
2020-08-15,940453,980525,902800,4069025,4244018,3897439,504222,525577,484203,1751568,1825032,1680246,30330,31694,29117,13331585,13896729,12771123,62177,64815,59485,"India"
2020-08-16,953205,994116,915124,4110580,4287268,3938168,512171,533825,492008,1803453,1879075,1730358,31231,32619,29998,13725074,14306613,13147894,64031,66736,61269,"India"
2020-08-17,965916,1007434,927265,4152658,4331393,3978559,520071,541996,499551,1856042,1934076,1780730,32143,33581,30885,14122644,14720228,13528626,65908,68637,63116,"India"
2020-08-18,978642,1020689,939225,4195346,4375961,4018801,527953,550161,507254,1909312,1989884,1832010,33068,34553,31723,14524415,15138988,13913576,67811,70614,64926,"India"
2020-08-19,991363,1033853,951294,4238594,4421204,4060284,535840,558425,514684,1963279,2046160,1883897,34001,35515,32653,14930397,15561290,14301743,69735,72644,66801,"India"
2020-08-20,1004058,1046815,963823,4282545,4467345,4102358,543701,566246,522196,2017959,2102931,1936350,34949,36513,33542,15340616,15988570,14694482,71683,74626,68646,"India"
2020-08-21,1016834,1059733,975812,4327045,4513928,4145194,551566,574727,529746,2073319,2160624,1989721,35910,37518,34477,15755204,16419368,15092109,73653,76718,70520,"India"
2020-08-22,1029623,1073028,988106,4372158,4559920,4187025,559439,582979,537334,2129385,2219288,2043455,36885,38526,35388,16174170,16855802,15493996,75644,78794,72372,"India"
2020-08-23,1042436,1086545,1000610,4417889,4606949,4230427,567321,591241,544975,2186154,2278307,2098052,37868,39556,36317,16597543,17296482,15899875,77663,80851,74351,"India"
2020-08-24,1055271,1100152,1012864,4464185,4655163,4273756,575196,599392,552403,2243639,2338464,2153211,38864,40588,37276,17025454,17741783,16310152,79705,82997,76279,"India"
2020-08-25,1068198,1113350,1025191,4511163,4703469,4319828,583102,607707,559836,2301809,2399083,2208780,39874,41598,38247,17457878,18191558,16724026,81771,85138,78222,"India"
2020-08-26,1081141,1126370,1037308,4558728,4752346,4365340,591050,615607,567464,2360711,2460512,2265557,40895,42678,39235,17894918,18646677,17143008,83860,87343,80262,"India"
2020-08-27,1094170,1139694,1049814,4606837,4800833,4411382,599010,623924,575230,2420300,2522436,2322677,41926,43746,40259,18336688,19105611,17565723,85971,89523,82297,"India"
2020-08-28,1107230,1153448,1062773,4655583,4851097,4457610,606975,632183,582783,2480626,2585513,2380383,42973,44834,41260,18783105,19570400,17993211,88106,91745,84371,"India"
2020-08-29,1120352,1167084,1075364,4704893,4902549,4505363,614970,640357,590554,2541689,2649459,2438851,44029,45910,42267,19234272,20039010,18425358,90269,93962,86448,"India"
2020-08-30,1133570,1180783,1088268,4754787,4955222,4553520,622972,648649,598246,2603457,2713525,2498280,45101,47029,43293,19690347,20512558,18862083,92460,96222,88536,"India"
2020-08-31,1146844,1194355,1100934,4805170,5007321,4601368,631018,657136,605975,2665954,2778607,2558204,46182,48140,44337,20151300,20992304,19304274,94670,98564,90635,"India"
2020-09-01,1180605,1229370,1133436,4827039,5031006,4620600,647862,674832,622101,2729186,2844157,2619130,47278,49282,45450,20617172,21476427,19750757,96909,100879,92783,"India"
2020-09-02,1209935,1260349,1161488,4834762,5039969,4626190,662920,690723,636874,2794266,2911850,2681930,48408,50477,46539,21085681,21963878,20199529,99174,103243,94928,"India"
2020-09-03,1235673,1286877,1186671,4832730,5038367,4623811,676554,704791,649942,2860975,2981135,2745938,49564,51682,47676,21555497,22452050,20649081,101464,105589,97136,"India"
2020-09-04,1258558,1310466,1208663,4824112,5029530,4614971,689039,717985,661973,2929109,3051977,2811235,50743,52922,48783,22025652,22941068,21098955,103773,108024,99325,"India"
2020-09-05,1279103,1331666,1229151,4811318,5016695,4602990,700551,729823,673222,2998495,3124312,2877876,51944,54153,49942,22495475,23429244,21548967,106092,110457,101566,"India"
2020-09-06,1297656,1350966,1246858,4795838,5000286,4589230,711272,740673,683608,3069006,3197552,2945820,53167,55412,51111,22964559,23917814,21998242,108429,112841,103850,"India"
2020-09-07,1314621,1368499,1263037,4778989,4981778,4573017,721286,751010,693282,3140547,3271957,3014604,54406,56704,52263,23432610,24405382,22445985,110774,115261,106102,"India"
2020-09-08,1330132,1384454,1277694,4761603,4963522,4556721,730728,760797,702290,3213015,3347503,3084261,55661,58041,53480,23899375,24890958,22892238,113127,117701,108373,"India"
2020-09-09,1344415,1399171,1291380,4744018,4944866,4539464,739623,769875,710542,3286357,3423898,3154913,56934,59366,54672,24364918,25375853,23337915,115490,120137,110652,"India"
2020-09-10,1357633,1412976,1303834,4726706,4926474,4523867,748056,778544,718652,3360465,3501464,3226395,58217,60699,55907,24829204,25859469,23781958,117857,122620,112950,"India"
2020-09-11,1369866,1425540,1316075,4709993,4908813,4508718,756053,787002,725872,3435310,3579382,3298337,59514,62037,57196,25292207,26341946,24225512,120235,125039,115164,"India"
2020-09-12,1381230,1437656,1327117,4694039,4890301,4492691,763652,795110,733193,3510830,3657989,3370987,60825,63410,58455,25753937,26822253,24668159,122616,127474,117468,"India"
2020-09-13,1391846,1448152,1337061,4678879,4874147,4478633,770886,802382,740161,3586960,3737467,3444007,62143,64780,59746,26214486,27301753,25109324,125009,129983,119755,"India"
2020-09-14,1401749,1458430,1346887,4664575,4859161,4465955,777767,809356,746756,3663686,3817697,3517841,63473,66181,60994,26673888,27779484,25548781,127397,132455,122041,"India"
2020-09-15,1411009,1467925,1356360,4651171,4844688,4452301,784328,815979,753340,3740946,3898084,3591834,64816,67614,62279,27132254,28256855,25987770,129800,134970,124329,"India"
2020-09-16,1419679,1477185,1364983,4638694,4830960,4442060,790616,822503,759417,3818714,3979573,3666632,66161,69040,63560,27589558,28733378,26425144,132204,137511,126666,"India"
2020-09-17,1427780,1485207,1372760,4627061,4818840,4431498,796636,828716,765268,3896970,4061101,3742055,67518,70469,64821,28045997,29207819,26861445,134615,140052,128961,"India"
2020-09-18,1435380,1493097,1380484,4616228,4808882,4421406,802392,834998,770949,3975683,4142959,3817519,68881,71888,66137,28501552,29681596,27297444,137025,142523,131275,"India"
2020-09-19,1442561,1500513,1387438,4606258,4797488,4410608,807891,840867,776117,4054758,4225247,3893406,70255,73324,67411,28956356,30154970,27733350,139441,145067,133560,"India"
2020-09-20,1449224,1507690,1394301,4597094,4788794,4401848,813156,846145,781214,4134280,4308131,3969973,71634,74768,68745,29410375,30626337,28167743,141861,147514,135991,"India"
2020-09-21,1455519,1513859,1400264,4588607,4779555,4395115,818203,851514,785992,4214151,4391187,4046614,73014,76202,70053,29863799,31098350,28602667,144285,150021,138275,"India"
2020-09-22,1461473,1520535,1406130,4580829,4770915,4387192,823044,856353,790621,4294350,4474909,4123701,74406,77673,71402,30316591,31570381,29036692,146718,152570,140583,"India"
2020-09-23,1467096,1526633,1411775,4573694,4762763,4380373,827682,860943,795441,4374880,4558706,4201048,75802,79107,72742,30768830,32040714,29469216,149152,155154,142955,"India"
2020-09-24,1472348,1531656,1417140,4567231,4755987,4374853,832151,865534,800157,4455723,4642904,4278713,77206,80574,74089,31220548,32510455,29901101,151592,157643,145336,"India"
2020-09-25,1477311,1536557,1422603,4561211,4750064,4368720,836407,869846,804338,4536856,4727291,4356499,78614,82060,75423,31671912,32980638,30333246,154044,160184,147648,"India"
2020-09-26,1481970,1541070,1427149,4555811,4744609,4364240,840503,874172,808618,4618279,4812094,4434614,80025,83541,76791,32122817,33449244,30764717,156491,162708,149971,"India"
2020-09-27,1486338,1545550,1431358,4550813,4739770,4359371,844411,878162,812275,4699959,4896908,4513115,81442,85003,78150,32573399,33917862,31196464,158949,165215,152330,"India"
2020-09-28,1490547,1550015,1435674,4546298,4734702,4355032,848178,881880,815821,4781826,4982447,4591671,82861,86462,79542,33023658,34386824,31627387,161405,167810,154681,"India"
2020-09-29,1494506,1553989,1439987,4542242,4729219,4351351,851815,885374,819288,4863954,5067575,4670615,84286,87922,80972,33473571,34855505,32058111,163865,170365,157087,"India"
2020-09-30,1498201,1557856,1443290,4538601,4725795,4348514,855296,889090,822534,4946306,5152980,4749920,85712,89421,82314,33923282,35323156,32489019,166327,172913,159451,"India"
2020-10-01,1494457,1554077,1439866,4545732,4732075,4355991,855518,889240,822779,5028857,5238975,4829577,87141,90884,83716,34372739,35791259,32920139,168794,175444,161852,"India"
2020-10-02,1488210,1546969,1433877,4537947,4722351,4349052,854594,888056,822088,5111194,5324776,4908657,88568,92395,85123,34822875,36260191,33351460,171260,178017,164224,"India"
2020-10-03,1480171,1538229,1426378,4519415,4701607,4330515,852760,886236,820097,5193188,5409998,4987771,89991,93870,86496,35272223,36728157,33780883,173730,180580,166572,"India"
2020-10-04,1470822,1528556,1417301,4493214,4673537,4305930,850250,883412,817656,5274718,5495221,5066497,91407,95315,87851,35719768,37194049,34210097,176192,183153,168916,"India"
2020-10-05,1460510,1517726,1407717,4461565,4640214,4276415,847193,879989,814869,5355720,5579283,5144346,92814,96784,89186,36164762,37656476,34636562,178641,185695,171248,"India"
2020-10-06,1449505,1506254,1397002,4426070,4602962,4243683,843708,876118,811333,5436156,5662993,5222060,94210,98188,90468,36606716,38116166,35060413,181081,188237,173619,"India"
2020-10-07,1437961,1493999,1385642,4387953,4563780,4207762,839905,872122,807720,5516005,5746253,5299116,95597,99651,91794,37045267,38572329,35480540,183498,190734,175900,"India"
2020-10-08,1426117,1480966,1374486,4348070,4520948,4170000,835818,868031,803689,5595192,5828710,5375404,96969,101090,93175,37480128,39025153,35897862,185902,193253,178265,"India"
2020-10-09,1414006,1468245,1363070,4307045,4476696,4131385,831501,863460,799659,5673737,5910264,5450870,98332,102490,94513,37911206,39473394,36311127,188289,195745,180573,"India"
2020-10-10,1401728,1455502,1351089,4265348,4431687,4092524,827005,858819,795287,5751606,5991346,5526114,99683,103925,95803,38338315,39917588,36721270,190657,198174,182879,"India"
2020-10-11,1389377,1442548,1339172,4223444,4388366,4052809,822357,853965,790896,5828797,6071414,5600299,101019,105320,97067,38761323,40357664,37127309,193005,200608,185196,"India"
2020-10-12,1376987,1429660,1327069,4181397,4342772,4012280,817579,849223,786097,5905280,6150693,5674053,102348,106697,98363,39180301,40793729,37529334,195341,202960,187441,"India"
2020-10-13,1364574,1416707,1315267,4139398,4298801,3971937,812672,844232,781670,5981093,6229602,5747118,103664,108093,99594,39595254,41225209,37927971,197656,205351,189653,"India"
2020-10-14,1352152,1403997,1303368,4097746,4255914,3932693,807677,838668,776977,6056217,6307710,5819484,104966,109480,100881,40006085,41652684,38322185,199952,207723,191836,"India"
2020-10-15,1339805,1391244,1291236,4056381,4212832,3893444,802601,833298,772486,6130635,6385284,5891399,106258,110822,102120,40412898,42074979,38712943,202230,210072,194017,"India"
2020-10-16,1327489,1378463,1279650,4015378,4169449,3854066,797440,827993,767526,6204391,6461735,5962455,107540,112138,103379,40815705,42492546,39099728,204489,212447,196199,"India"
2020-10-17,1315203,1366071,1268183,3974853,4125670,3815839,792209,822714,762447,6277471,6537666,6032907,108809,113481,104582,41214495,42906919,39482520,206730,214798,198344,"India"
2020-10-18,1303000,1353630,1256271,3934689,4082129,3777914,786949,817515,757440,6349853,6612632,6102537,110067,114794,105773,41609322,43317826,39861797,208951,217072,200491,"India"
2020-10-19,1290857,1340981,1244567,3895082,4041332,3740802,781646,812051,752548,6421574,6687153,6171385,111313,116097,106986,42000235,43723665,40236214,211151,219350,202621,"India"
2020-10-20,1278826,1328158,1232750,3855976,4000678,3703345,776261,806749,747641,6492589,6761171,6239618,112549,117346,108200,42387209,44126202,40607905,213332,221652,204735,"India"
2020-10-21,1266850,1316230,1221372,3817283,3960033,3667357,770840,800768,742093,6562963,6834148,6307477,113769,118603,109333,42770456,44524245,40976330,215501,223940,206793,"India"
2020-10-22,1254963,1303865,1209924,3779064,3920078,3630351,765393,795039,737068,6632679,6906266,6374490,114980,119870,110466,43149882,44918328,41341208,217648,226115,208841,"India"
2020-10-23,1243179,1291888,1198459,3741258,3880877,3593917,759913,789305,732054,6701726,6977830,6441169,116181,121112,111636,43525596,45308788,41702856,219776,228355,210930,"India"
2020-10-24,1231475,1279554,1187175,3703965,3842525,3558483,754402,783321,726767,6770100,7048567,6507353,117370,122380,112789,43897619,45694680,42060165,221887,230574,212955,"India"
2020-10-25,1219877,1267577,1176159,3667133,3804674,3523941,748874,777671,721338,6837835,7118854,6572281,118546,123552,113937,44265922,46077616,42414315,223980,232729,214957,"India"
2020-10-26,1208364,1255349,1165169,3630731,3766629,3489819,743340,771821,716223,6904936,7188131,6636764,119710,124794,115051,44630634,46456566,42763674,226051,234838,216920,"India"
2020-10-27,1196939,1243521,1154580,3594748,3730585,3455619,737794,765833,711062,6971381,7257093,6700875,120864,126022,116144,44991786,46831541,43110728,228107,236926,218900,"India"
2020-10-28,1185623,1231655,1143694,3559179,3693796,3421093,732224,760286,705676,7037201,7325271,6764576,122009,127201,117269,45349398,47202842,43454657,230144,239003,220866,"India"
2020-10-29,1174395,1219845,1132771,3524055,3656717,3387874,726644,754222,700388,7102404,7392527,6827679,123142,128361,118404,45703476,47570087,43795282,232160,241081,222830,"India"
2020-10-30,1163266,1208270,1121848,3489245,3620624,3354680,721059,748558,695186,7166985,7459582,6889880,124263,129537,119493,46054160,47934601,44132892,234163,243131,224770,"India"
2020-10-31,1152216,1196769,1111099,3454800,3585609,3321514,715466,742465,690050,7230942,7526228,6951893,125374,130682,120578,46401406,48294975,44467155,236145,245166,226654,"India"
2020-11-01,1141270,1185213,1100606,3420844,3550180,3289096,709879,736787,684578,7294282,7592092,7012838,126474,131834,121663,46745226,48651579,44797796,238109,247135,228596,"India"
2020-11-02,1130440,1173421,1090225,3387297,3514620,3256594,704296,730954,679353,7357007,7656710,7073156,127566,132956,122666,47085685,49005837,45125191,240058,249208,230468,"India"
2020-11-03,1119712,1162336,1080098,3354094,3479930,3225022,698710,725001,674173,7419136,7721393,7132809,128645,134054,123745,47422819,49356107,45449300,241989,251250,232325,"India"
2020-11-04,1109061,1150575,1070167,3321252,3445926,3194408,693109,719291,668453,7480685,7785120,7192599,129715,135184,124767,47756673,49701783,45770443,243901,253233,234124,"India"
2020-11-05,1098486,1139375,1060088,3288760,3411230,3163276,687533,713358,663135,7541640,7848362,7251484,130774,136311,125810,48087290,50044721,46088508,245799,255219,235959,"India"
2020-11-06,1088001,1128505,1049693,3256582,3377772,3131953,681975,707717,657932,7602016,7910830,7309968,131825,137373,126830,48414695,50383582,46404146,247681,257260,237818,"India"
2020-11-07,1077626,1117851,1039372,3224791,3342964,3101104,676428,702043,652541,7661787,7972654,7367632,132861,138445,127807,48738866,50720135,46716083,249545,259177,239594,"India"
2020-11-08,1067350,1106840,1029770,3193359,3309963,3071366,670909,696322,647457,7720975,8034084,7424868,133892,139533,128777,49059881,51053158,47025043,251390,261140,241365,"India"
2020-11-09,1057172,1096374,1020350,3162201,3277472,3040919,665378,690550,642220,7779609,8094873,7481499,134912,140562,129811,49377831,51382753,47331359,253222,263025,243125,"India"
2020-11-10,1047042,1085165,1010706,3131382,3244260,3011634,659852,684819,636872,7837694,8155045,7537989,135921,141623,130781,49692675,51709835,47634386,255035,264910,244889,"India"
2020-11-11,1037033,1074676,1001013,3100939,3212296,2982698,654350,678790,631554,7895206,8214460,7593533,136923,142683,131733,50004424,52032177,47934452,256833,266751,246634,"India"
2020-11-12,1027115,1064355,991731,3070820,3179785,2954518,648872,673113,626383,7952156,8273582,7648301,137915,143687,132677,50313132,52352429,48231523,258615,268580,248349,"India"
2020-11-13,1017283,1054187,982059,3040993,3148071,2926730,643424,667288,621008,8008562,8332092,7702984,138897,144702,133621,50618850,52670326,48525691,260381,270365,250057,"India"
2020-11-14,1007533,1043981,972595,3011444,3117346,2898885,637981,661651,615650,8064445,8390366,7756892,139866,145649,134549,50921611,52985730,48816859,262129,272175,251710,"India"
2020-11-15,997877,1033969,963672,2982207,3087682,2870786,632557,655832,610544,8119777,8447635,7810265,140829,146627,135494,51221461,53297749,49105970,263864,274002,253365,"India"
2020-11-16,988321,1023992,954719,2953212,3057640,2843090,627157,650117,605181,8174555,8504054,7863135,141782,147623,136400,51518407,53606737,49390776,265583,275771,255046,"India"
2020-11-17,978842,1014422,946032,2924567,3027788,2815250,621788,644495,600003,8228801,8560126,7915409,142724,148614,137307,51812423,53912955,49674345,267284,277550,256676,"India"
2020-11-18,969454,1004469,936743,2896163,2999234,2788702,616434,638922,594823,8282524,8615891,7967112,143661,149601,138200,52103641,54215874,49954729,268971,279287,258259,"India"
2020-11-19,960141,995007,927345,2868069,2970571,2761169,611109,633388,589545,8335733,8670837,8018278,144587,150562,139114,52392006,54515749,50232818,270643,280994,259848,"India"
2020-11-20,950918,985153,918613,2840283,2941751,2734505,605803,627715,584569,8388430,8725530,8069200,145503,151498,139999,52677561,54813823,50507274,272300,282732,261490,"India"
2020-11-21,941785,975734,910203,2812740,2913750,2708628,600539,622243,579748,8440614,8779481,8119339,146412,152453,140849,52960330,55108219,50779433,273942,284414,263067,"India"
2020-11-22,932761,966143,901900,2785404,2885569,2682243,595285,616914,574584,8492281,8832934,8169341,147311,153371,141720,53240379,55399872,51048826,275565,286086,264650,"India"
2020-11-23,923796,956492,893404,2758381,2857376,2656559,590059,611538,569618,8543457,8885898,8219379,148203,154297,142567,53517686,55688083,51316179,277179,287755,266200,"India"
2020-11-24,914897,947583,884684,2731624,2829403,2630682,584860,605845,564446,8594141,8938403,8268546,149085,155176,143438,53792269,55974371,51581411,278776,289412,267735,"India"
2020-11-25,906097,938285,876485,2705103,2801604,2605547,579701,600432,559355,8644326,8990200,8317162,149960,156075,144238,54064163,56258198,51843418,280357,291029,269259,"India"
2020-11-26,897384,929175,868408,2678906,2774085,2580157,574576,595086,554698,8694022,9041629,8365548,150825,156996,145043,54333414,56537894,52102545,281920,292688,270775,"India"
2020-11-27,888780,920383,860070,2652913,2746797,2556050,569482,589849,550109,8743224,9092361,8413231,151681,157893,145862,54600045,56815493,52359625,283474,294316,272302,"India"
2020-11-28,880230,911205,851502,2627192,2719860,2531471,564416,584597,545143,8791949,9142696,8460720,152528,158763,146703,54864101,57091037,52614108,285012,295898,273812,"India"
2020-11-29,871747,902606,843178,2601704,2694253,2506788,559373,579442,540442,8840207,9192867,8507360,153371,159638,147514,55125556,57363335,52866769,286536,297483,275275,"India"
2020-11-30,863326,893922,834705,2576462,2668612,2482801,554364,574207,535758,8888020,9242500,8553637,154202,160559,148336,55384463,57633489,53116586,288045,299081,276709,"India"
2020-12-01,854993,885012,826584,2551500,2643202,2458249,549386,568989,531070,8935348,9291357,8599668,155026,161435,149150,55640826,57900690,53363813,289539,300659,278125,"India"
2020-12-02,846739,876502,818458,2526719,2618368,2434576,544456,563874,526375,8982227,9339863,8645485,155841,162278,149968,55894714,58165072,53608899,291019,302218,279545,"India"
2020-12-03,838581,867952,810596,2502180,2593634,2410702,539536,558743,521736,9028616,9387672,8690223,156650,163131,150765,56146105,58426915,53851330,292487,303724,280961,"India"
2020-12-04,830479,859516,802605,2477890,2568706,2387516,534655,553494,517210,9074570,9434824,8735061,157451,163962,151541,56395053,58685926,54091414,293941,305221,282335,"India"
2020-12-05,822460,851157,795213,2453835,2543923,2364636,529806,548364,512620,9120080,9481747,8779329,158242,164781,152256,56641556,58942980,54329345,295379,306710,283746,"India"
2020-12-06,814527,842757,787735,2429973,2519255,2341368,524987,543530,508125,9165131,9528216,8822956,159027,165576,152986,56885680,59196915,54565262,296807,308196,285113,"India"
2020-12-07,806632,834576,780411,2406361,2494695,2319211,520209,538607,503714,9209768,9574336,8866396,159806,166354,153774,57127384,59445660,54798586,298218,309627,286518,"India"
2020-12-08,798813,826504,772920,2382979,2470465,2296660,515457,533498,498992,9253951,9619798,8909175,160576,167139,154541,57366752,59692020,55029761,299613,311078,287838,"India"
2020-12-09,791095,818654,765389,2359755,2445817,2274013,510738,528679,494486,9297690,9665052,8951511,161339,167907,155258,57603762,59937198,55258530,300997,312504,289173,"India"
2020-12-10,783448,810526,758086,2336813,2422408,2251512,506063,523871,489907,9341014,9710195,8993525,162095,168691,155965,57838409,60179294,55484603,302370,313912,290523,"India"
2020-12-11,775847,802351,750554,2314095,2398612,2230264,501415,518971,485452,9383919,9754554,9035048,162844,169464,156721,58070741,60419311,55708831,303731,315336,291818,"India"
2020-12-12,768320,794826,743381,2291585,2375746,2208160,496794,514290,480843,9426403,9798608,9076222,163584,170267,157453,58300835,60656133,55931713,305078,316739,293123,"India"
2020-12-13,760893,787197,736182,2269249,2352122,2186720,492201,509298,476479,9468452,9842268,9117037,164318,170993,158163,58528687,60891619,56151866,306416,318139,294376,"India"
2020-12-14,753520,779437,728803,2247185,2329229,2164673,487650,504631,472203,9510093,9885370,9157643,165043,171747,158877,58754251,61123478,56369608,307738,319495,295660,"India"
2020-12-15,746208,771822,721869,2225266,2306597,2143314,483137,499791,467566,9551342,9928129,9197838,165763,172505,159536,58977618,61351798,56585217,309044,320857,296974,"India"
2020-12-16,738992,764350,714992,2203541,2283950,2122166,478666,495139,463353,9592158,9970597,9237316,166476,173234,160212,59198786,61577714,56799230,310343,322167,298235,"India"
2020-12-17,731812,756672,708119,2182078,2261720,2101831,474225,490524,458980,9632598,10012426,9276309,167181,173969,160881,59417764,61801416,57010867,311627,323447,299451,"India"
2020-12-18,724707,749401,701313,2160774,2239012,2081806,469814,485743,454884,9672625,10054069,9315149,167881,174684,161587,59634567,62022804,57220875,312902,324746,300648,"India"
2020-12-19,717660,742044,694498,2139724,2216930,2061833,465427,481277,450594,9712268,10094988,9353532,168573,175384,162291,59849252,62242799,57428278,314162,326027,301882,"India"
2020-12-20,710690,734774,687833,2118820,2195348,2042119,461073,476756,446502,9751518,10135510,9391648,169259,176079,162973,60061855,62460086,57633047,315410,327296,303080,"India"
2020-12-21,703772,727472,681187,2098104,2173001,2021911,456762,472328,442440,9790381,10175583,9429415,169938,176766,163648,60272351,62674584,57836092,316649,328542,304264,"India"
2020-12-22,696929,720302,674829,2077606,2151700,2001777,452488,467901,438198,9828852,10215281,9466772,170609,177483,164294,60480743,62887301,58037333,317876,329833,305386,"India"
2020-12-23,690139,713402,667832,2057325,2131054,1982827,448247,463474,433929,9866957,10254484,9503475,171274,178175,164936,60687046,63097535,58236760,319090,331041,306590,"India"
2020-12-24,683404,706400,661396,2037167,2110742,1963118,444031,459189,429780,9904689,10293409,9540079,171933,178844,165564,60891371,63306407,58434852,320294,332259,307757,"India"
2020-12-25,676754,699741,654984,2017286,2089906,1943393,439842,454915,425674,9942030,10331801,9575839,172587,179509,166228,61093608,63512875,58630217,321483,333488,308915,"India"
2020-12-26,670150,692991,648588,1997581,2069371,1924042,435703,450490,421616,9979020,10369945,9611557,173233,180181,166856,61293844,63719108,58823462,322663,334696,310060,"India"
2020-12-27,663605,686015,642444,1978044,2049100,1905216,431592,446342,417590,10015640,10407522,9647180,173871,180853,167444,61492130,63923593,59015333,323829,335895,311191,"India"
2020-12-28,657142,679180,635906,1958682,2028950,1886352,427502,441994,413788,10051893,10444924,9682332,174505,181531,168056,61688453,64126591,59205149,324984,337140,312329,"India"
2020-12-29,650735,672747,629804,1939482,2009191,1868059,423465,437976,410059,10087783,10481765,9717132,175132,182180,168646,61882818,64327768,59393023,326127,338318,313453,"India"
2020-12-30,644369,666304,623488,1920456,1989414,1849738,419454,433747,406232,10123326,10518224,9751824,175754,182831,169284,62075253,64527363,59579560,327262,339483,314541,"India"
2020-12-31,638085,659745,617312,1901625,1970634,1832160,415474,429679,402391,10158517,10554476,9785582,176370,183467,169869,62265799,64725453,59763205,328386,340600,315635,"India"
2021-01-01,631857,653389,611164,1882964,1951769,1813645,411522,425548,398713,10193354,10590028,9819416,176978,184093,170471,62454454,64920717,59946574,329498,341759,316692,"India"
2021-01-02,625671,647015,604951,1864491,1932556,1795740,407608,421599,394791,10227844,10625319,9852879,177581,184704,171052,62641205,65113683,60127279,330599,342887,317739,"India"
2021-01-03,619544,640726,599286,1846160,1913997,1778714,403729,417621,391045,10261996,10660373,9886058,178178,185331,171640,62826115,65305814,60306748,331687,343962,318778,"India"
2021-01-04,613467,634181,593691,1828049,1895226,1761113,399883,413771,387282,10295812,10695152,9918645,178770,185931,172227,63009160,65495460,60483659,332765,345098,319834,"India"
2021-01-05,607479,628043,587632,1810097,1876941,1743803,396082,409891,383432,10329274,10729476,9951304,179357,186533,172806,63190372,65682751,60658813,333834,346191,320876,"India"
2021-01-06,601526,621804,581976,1792312,1858901,1726784,392293,405871,379772,10362412,10763807,9983371,179936,187152,173381,63369791,65868954,60832936,334894,347292,321874,"India"
2021-01-07,595642,615466,576251,1774727,1840632,1710357,388535,401956,375828,10395208,10797601,10015413,180511,187760,173912,63547402,66052996,61005229,335944,348369,322882,"India"
2021-01-08,589798,609456,570471,1757268,1823036,1693518,384817,397929,372319,10427685,10830987,10047067,181080,188357,174475,63723230,66235105,61175492,336983,349429,323886,"India"
2021-01-09,584020,603830,564836,1739994,1805349,1676621,381120,394282,368934,10459843,10864099,10078309,181641,188922,175005,63897301,66415008,61344850,338012,350493,324877,"India"
2021-01-10,578297,597808,559148,1722846,1788199,1660701,377470,390476,365283,10491683,10896913,10109284,182200,189503,175534,64069656,66592496,61511975,339029,351553,325876,"India"
2021-01-11,572620,591905,553649,1705876,1771026,1643942,373847,386584,361858,10523199,10929415,10139933,182753,190076,176079,64240293,66767752,61677403,340039,352591,326876,"India"
2021-01-12,566996,586111,548406,1689063,1753560,1628039,370266,383038,358590,10554409,10961616,10170040,183301,190613,176625,64409226,66940620,61840588,341039,353624,327814,"India"
2021-01-13,561413,580210,542828,1672402,1737031,1612221,366720,379356,355103,10585309,10993332,10199976,183845,191144,177171,64576454,67112478,62002763,342028,354622,328757,"India"
2021-01-14,555885,574757,537496,1655883,1719886,1596393,363197,375782,351644,10615895,11024642,10229670,184382,191714,177704,64742000,67282509,62163240,343008,355660,329695,"India"
2021-01-15,550433,569060,532229,1639546,1703481,1580680,359703,372167,348324,10646169,11055564,10259078,184911,192252,178215,64905870,67451295,62321859,343979,356642,330626,"India"
2021-01-16,545018,563522,527038,1623376,1687107,1565762,356226,368597,345012,10676146,11086327,10288353,185438,192820,178731,65068089,67617695,62479169,344939,357653,331502,"India"
2021-01-17,539642,558074,521746,1607331,1670105,1549799,352795,365141,341641,10705823,11116618,10317171,185959,193331,179234,65228712,67782790,62634677,345888,358613,332400,"India"
2021-01-18,534341,552722,516328,1591467,1653899,1534494,349390,361650,338245,10735193,11146834,10345420,186473,193884,179752,65387693,67945929,62788586,346830,359574,333299,"India"
2021-01-19,529084,547408,511413,1575698,1637591,1519334,346019,358140,334942,10764280,11176773,10373616,186984,194412,180246,65545104,68107013,62941442,347764,360536,334173,"India"
2021-01-20,523885,542084,506347,1560132,1621272,1504144,342662,354610,331626,10793070,11206533,10401561,187487,194928,180728,65700920,68266948,63092703,348688,361521,335061,"India"
2021-01-21,518709,536861,500954,1544714,1604729,1488832,339350,351208,328429,10821584,11235799,10429309,187989,195471,181221,65855137,68424684,63242132,349604,362507,335916,"India"
2021-01-22,513612,531676,496000,1529359,1588969,1473367,336050,347687,325210,10849803,11264538,10456871,188484,195958,181692,66007878,68580814,63390483,350507,363421,336803,"India"
2021-01-23,508548,526318,491226,1514239,1573558,1458614,332799,344570,321922,10877744,11292924,10483977,188974,196434,182203,66159028,68735747,63537316,351404,364368,337660,"India"
